match_id,season,match_name,home_team,away_team,venue,bowling_team,batting_team,batting_innings,fullName,batting_position,runs,balls,fours,sixes,strike_rate,Batting_FP,TBS,TBOS,OTBS,OTBOS
1359479,2023,RCB v MI,RCB,MI,"M.Chinnaswamy Stadium, Bengaluru",MI,RCB,2,Virat Kohli,1,82,49,6,5,167.34,110,56.5,27.85714286,22.33333333,6.0
1359483,2023,KKR v RCB,KKR,RCB,"Eden Gardens, Kolkata",KKR,RCB,2,Virat Kohli,1,21,18,3,0,116.66,24,12.81818182,27.28571429,26.77777778,51.33333333
1359489,2023,RCB v LSG,RCB,LSG,"M.Chinnaswamy Stadium, Bengaluru",LSG,RCB,1,Virat Kohli,1,61,44,4,4,138.63,83,70.0,41.5,24.18181818,9.666666667
1359494,2023,RCB v DC,RCB,DC,"M.Chinnaswamy Stadium, Bengaluru",DC,RCB,1,Virat Kohli,1,50,34,6,1,147.05,68,26.5,36.0,17.27272727,26.66666667
1359498,2023,RCB v CSK,RCB,CSK,"M.Chinnaswamy Stadium, Bengaluru",CSK,RCB,2,Virat Kohli,1,6,4,1,0,150.0,7,32.11111111,23.66666667,37.875,33.33333333
1359501,2023,PBKS v RCB,PBKS,RCB,"Punjab Cricket Association IS Bindra Stadium, Mohali, Chandigarh",PBKS,RCB,1,Virat Kohli,1,59,47,5,1,125.53,74,33.66666667,42.0,17.27272727,16.66666667
1359506,2023,RCB v RR,RCB,RR,"M.Chinnaswamy Stadium, Bengaluru",RR,RCB,1,Virat Kohli,1,0,1,0,0,0.0,-2,20.72727273,21.5,28.375,30.4
1359510,2023,RCB v KKR,RCB,KKR,"M.Chinnaswamy Stadium, Bengaluru",KKR,RCB,2,Virat Kohli,1,54,37,6,0,145.94,70,21.9,22.83333333,38.14285714,26.42857143
1359517,2023,LSG v RCB,LSG,RCB,"Bharat Ratna Shri Atal Bihari Vajpayee Ekana Cricket Stadium, Lucknow",LSG,RCB,1,Virat Kohli,1,31,30,3,0,103.33,38,13.09090909,30.85714286,9.727272727,33.71428571
1359524,2023,DC v RCB,DC,RCB,"Arun Jaitley Stadium, Delhi",DC,RCB,1,Virat Kohli,1,55,46,5,0,119.56,68,37.83333333,17.42857143,29.0,16.66666667
1359528,2023,MI v RCB,MI,RCB,"Wankhede Stadium, Mumbai",MI,RCB,1,Virat Kohli,1,1,4,0,0,25.0,1,33.25,14.28571429,34.57142857,25.33333333
1359534,2023,RR v RCB,RR,RCB,"Sawai Mansingh Stadium, Jaipur",RR,RCB,1,Virat Kohli,1,18,19,1,0,94.73,19,30.85714286,37.71428571,16.1,28.2
1359539,2023,SRH v RCB,SRH,RCB,"Rajiv Gandhi International Stadium, Uppal, Hyderabad",SRH,RCB,2,Virat Kohli,1,100,63,12,4,158.73,140,61.0,29.4,35.14285714,6.857142857
1359544,2023,RCB v GT,RCB,GT,"M.Chinnaswamy Stadium, Bengaluru",GT,RCB,1,Virat Kohli,1,101,61,13,1,165.57,136,35.57142857,6.0,68.5,27.4
1304049,2022,PBKS v RCB,PBKS,RCB,"Dr DY Patil Sports Academy, Navi Mumbai",PBKS,RCB,1,Virat Kohli,3,41,29,1,2,141.37,52,61.25,19.83333333,35.85714286,8.333333333
1304052,2022,RCB v KKR,RCB,KKR,"Dr DY Patil Sports Academy, Navi Mumbai",KKR,RCB,2,Virat Kohli,3,12,7,2,0,171.42,14,15.22222222,52.66666667,13.36363636,31.5
1304059,2022,RR v RCB,RR,RCB,"Wankhede Stadium, Mumbai",RR,RCB,2,Virat Kohli,3,5,6,0,0,83.33,5,26.125,17.0,41.8,23.5
1304064,2022,RCB v MI,RCB,MI,"Maharashtra Cricket Association Stadium, Pune",MI,RCB,2,Virat Kohli,3,48,36,5,0,133.33,59,36.6,25.83333333,23.375,11.66666667
1304068,2022,CSK v RCB,CSK,RCB,"Dr DY Patil Sports Academy, Navi Mumbai",CSK,RCB,2,Virat Kohli,3,1,3,0,0,33.33,1,22.63636364,12.16666667,45.5,43.5
1304073,2022,DC v RCB,DC,RCB,"Wankhede Stadium, Mumbai",DC,RCB,1,Virat Kohli,3,12,14,1,0,85.71,13,35.14285714,25.66666667,24.11111111,20.4
1304077,2022,LSG v RCB,LSG,RCB,"Dr DY Patil Sports Academy, Navi Mumbai",LSG,RCB,1,Virat Kohli,3,0,1,0,0,0.0,-2,26.5,36.33333333,18.8,20.16666667
1304082,2022,RCB v SRH,RCB,SRH,"Brabourne Stadium, Mumbai",SRH,RCB,1,Virat Kohli,3,0,1,0,0,0.0,-2,3.636363636,5.75,30.66666667,61.6
1304085,2022,RCB v RR,RCB,RR,"Maharashtra Cricket Association Stadium, Pune",RR,RCB,2,Virat Kohli,1,9,10,2,0,90.0,11,10.81818182,34.83333333,17.8,45.5
1304089,2022,GT v RCB,GT,RCB,"Brabourne Stadium, Mumbai",GT,RCB,1,Virat Kohli,1,58,53,6,1,109.43,74,31.28571429,18.0,36.16666667,32.4
1304095,2022,RCB v CSK,RCB,CSK,"Maharashtra Cricket Association Stadium, Pune",CSK,RCB,1,Virat Kohli,1,30,33,3,1,90.9,39,21.3,36.33333333,20.0,28.0
1304100,2022,SRH v RCB,SRH,RCB,"Wankhede Stadium, Mumbai",SRH,RCB,1,Virat Kohli,1,0,1,0,0,0.0,-2,48.4,39.28571429,13.45454545,10.83333333
1304106,2022,RCB v PBKS,RCB,PBKS,"Brabourne Stadium, Mumbai",PBKS,RCB,2,Virat Kohli,1,20,14,2,1,142.85,26,15.81818182,34.66666667,27.4,47.0
1304113,2022,RCB v GT,RCB,GT,"Wankhede Stadium, Mumbai",GT,RCB,2,Virat Kohli,1,73,54,8,2,135.18,95,52.25,17.42857143,31.14285714,7.666666667
1312198,2022,LSG v RCB,LSG,RCB,"Eden Gardens, Kolkata",LSG,RCB,1,Virat Kohli,1,25,24,2,0,104.16,27,44.0,31.6,28.625,18.0
1312199,2022,RR v RCB,RR,RCB,"Narendra Modi Stadium, Motera, Ahmedabad",RR,RCB,1,Virat Kohli,1,7,8,0,1,87.5,9,18.1,12.16666667,24.26666667,46.0
1254115,2021,RCB v KKR,RCB,KKR,Sharjah Cricket Stadium,KKR,RCB,1,Virat Kohli,2,39,33,5,0,118.18,48,15.22222222,25.2,16.77777778,41.4
1254101,2021,RCB v DC,RCB,DC,Dubai International Cricket Stadium,DC,RCB,2,Virat Kohli,1,4,8,0,0,50.0,4,40.4,12.83333333,27.09090909,21.5
1254095,2021,RCB v SRH,RCB,SRH,"Sheikh Zayed Stadium, Abu Dhabi",SRH,RCB,2,Virat Kohli,1,5,4,1,0,125.0,6,21.0,31.0,7.636363636,35.5
1254090,2021,RCB v PBKS,RCB,PBKS,Sharjah Cricket Stadium,PBKS,RCB,1,Virat Kohli,1,25,24,2,1,104.16,29,22.0,39.4,23.33333333,23.2
1254103,2021,RR v RCB,RR,RCB,Dubai International Cricket Stadium,RR,RCB,2,Virat Kohli,1,25,20,4,0,125.0,29,36.6,7.714285714,18.5,33.85714286
1254108,2021,RCB v MI,RCB,MI,Dubai International Cricket Stadium,MI,RCB,1,Virat Kohli,1,51,42,3,3,121.42,68,26.0,24.5,39.2,13.16666667
1254113,2021,RCB v CSK,RCB,CSK,Sharjah Cricket Stadium,CSK,RCB,1,Virat Kohli,1,53,41,6,1,129.26,69,27.42857143,28.66666667,16.875,34.4
1254087,2021,KKR v RCB,KKR,RCB,"Sheikh Zayed Stadium, Abu Dhabi",KKR,RCB,1,Virat Kohli,1,5,4,1,0,125.0,6,6.727272727,48.66666667,37.0,13.42857143
1254083,2021,PBKS v RCB,PBKS,RCB,"Narendra Modi Stadium, Motera, Ahmedabad",PBKS,RCB,2,Virat Kohli,1,35,34,3,1,102.94,44,17.4,28.66666667,22.625,43.33333333
1254079,2021,DC v RCB,DC,RCB,"Narendra Modi Stadium, Motera, Ahmedabad",DC,RCB,1,Virat Kohli,1,12,11,2,0,109.09,14,30.85714286,18.2,44.2,27.5
1254076,2021,CSK v RCB,CSK,RCB,"Wankhede Stadium, Mumbai",CSK,RCB,2,Virat Kohli,1,8,7,1,0,114.28,9,12.36363636,33.5,14.3,37.83333333
1254073,2021,RCB v RR,RCB,RR,"Wankhede Stadium, Mumbai",RR,RCB,2,Virat Kohli,1,72,47,6,3,153.19,96,121.0,8.833333333,56.0,-2.333333333
1254067,2021,RCB v KKR,RCB,KKR,"MA Chidambaram Stadium, Chepauk, Chennai",KKR,RCB,1,Virat Kohli,1,5,6,1,0,83.33,6,43.0,15.66666667,43.0,16.33333333
1254063,2021,SRH v RCB,SRH,RCB,"MA Chidambaram Stadium, Chepauk, Chennai",SRH,RCB,1,Virat Kohli,1,33,29,4,0,113.79,41,19.66666667,31.5,19.66666667,42.0
1254058,2021,MI v RCB,MI,RCB,"MA Chidambaram Stadium, Chepauk, Chennai",MI,RCB,2,Virat Kohli,2,33,29,4,0,113.79,41,18.6,46.6,29.42857143,34.0
1216534,2020,SRH v RCB,SRH,RCB,Dubai International Cricket Stadium,SRH,RCB,1,Virat Kohli,3,14,13,0,0,107.69,14,33.5,36.66666667,33.5,13.28571429
1216510,2020,PBKS v RCB,PBKS,RCB,Dubai International Cricket Stadium,PBKS,RCB,2,Virat Kohli,4,1,5,0,0,20.0,1,11.09090909,17.0,17.25,54.0
1216547,2020,RCB v MI,RCB,MI,Dubai International Cricket Stadium,MI,RCB,1,Virat Kohli,3,3,11,0,0,27.27,-3,52.4,24.66666667,52.4,11.16666667
1216514,2020,RCB v RR,RCB,RR,"Sheikh Zayed Stadium, Abu Dhabi",RR,RCB,2,Virat Kohli,3,72,53,7,2,135.84,93,49.25,12.0,26.9,11.33333333
1216519,2020,RCB v DC,RCB,DC,Dubai International Cricket Stadium,DC,RCB,2,Virat Kohli,3,43,39,2,1,110.25,51,13.54545455,16.0,15.54545455,52.2
1216525,2020,CSK v RCB,CSK,RCB,Dubai International Cricket Stadium,CSK,RCB,1,Virat Kohli,3,90,52,4,4,173.07,116,33.16666667,23.83333333,33.16666667,19.0
1216540,2020,RCB v KKR,RCB,KKR,Sharjah Cricket Stadium,KKR,RCB,1,Virat Kohli,3,33,28,1,0,117.85,38,60.75,20.5,60.75,12.0
1216531,2020,RCB v PBKS,RCB,PBKS,Sharjah Cricket Stadium,PBKS,RCB,1,Virat Kohli,3,48,39,3,0,123.07,55,23.625,43.0,23.625,26.66666667
1216522,2020,RR v RCB,RR,RCB,Dubai International Cricket Stadium,RR,RCB,2,Virat Kohli,3,43,32,1,2,134.37,54,43.0,20.0,34.0,13.8
1216494,2020,KKR v RCB,KKR,RCB,"Sheikh Zayed Stadium, Abu Dhabi",KKR,RCB,2,Virat Kohli,4,18,17,2,0,105.88,20,23.25,24.83333333,50.25,8.75
1216544,2020,RCB v CSK,RCB,CSK,Dubai International Cricket Stadium,CSK,RCB,1,Virat Kohli,3,50,43,1,1,116.27,61,20.625,51.4,20.625,28.0
1216499,2020,MI v RCB,MI,RCB,"Sheikh Zayed Stadium, Abu Dhabi",MI,RCB,1,Virat Kohli,3,9,14,0,0,64.28,7,25.5,47.33333333,25.5,27.66666667
1216502,2020,RCB v SRH,RCB,SRH,Sharjah Cricket Stadium,SRH,RCB,1,Virat Kohli,3,7,7,0,0,100.0,7,13.55555556,6.166666667,13.55555556,41.0
1216505,2020,DC v RCB,DC,RCB,"Sheikh Zayed Stadium, Abu Dhabi",DC,RCB,1,Virat Kohli,3,29,24,2,1,120.83,33,20.44444444,54.6,20.44444444,33.2
1237178,2020,RCB v SRH,RCB,SRH,"Sheikh Zayed Stadium, Abu Dhabi",SRH,RCB,1,Virat Kohli,1,6,7,0,0,85.71,6,16.55555556,44.66666667,16.55555556,34.4
1175356,2019,CSK v RCB,CSK,RCB,"MA Chidambaram Stadium, Chepauk, Chennai",CSK,RCB,1,Virat Kohli,1,6,12,0,0,50.0,2,4.818181818,18.33333333,4.818181818,49.16666667
1175362,2019,RCB v MI,RCB,MI,"M.Chinnaswamy Stadium, Bengaluru",MI,RCB,2,Virat Kohli,3,46,32,6,0,143.75,58,33.57142857,8.333333333,38.0,17.33333333
1175366,2019,SRH v RCB,SRH,RCB,"Rajiv Gandhi International Stadium, Uppal, Hyderabad",SRH,RCB,2,Virat Kohli,3,3,10,0,0,30.0,-3,10.90909091,24.16666667,20.7,35.83333333
1175369,2019,RR v RCB,RR,RCB,"Sawai Mansingh Stadium, Jaipur",RR,RCB,1,Virat Kohli,1,23,25,3,0,92.0,26,32.16666667,48.16666667,32.16666667,20.0
1175372,2019,RCB v KKR,RCB,KKR,"M.Chinnaswamy Stadium, Bengaluru",KKR,RCB,1,Virat Kohli,2,84,49,9,2,171.42,111,53.2,24.16666667,53.2,11.0
1178395,2019,RCB v DC,RCB,DC,"M.Chinnaswamy Stadium, Bengaluru",DC,RCB,1,Virat Kohli,2,41,33,1,2,124.24,50,18.2,55.33333333,18.2,44.4
1178403,2019,PBKS v RCB,PBKS,RCB,"Punjab Cricket Association IS Bindra Stadium, Mohali, Chandigarh",PBKS,RCB,2,Virat Kohli,2,67,53,8,0,126.41,83,56.0,37.0,29.57142857,7.666666667
1178406,2019,MI v RCB,MI,RCB,"Wankhede Stadium, Mumbai",MI,RCB,1,Virat Kohli,2,8,9,1,0,88.88,9,23.88888889,50.66666667,23.88888889,28.33333333
1178410,2019,KKR v RCB,KKR,RCB,"Eden Gardens, Kolkata",KKR,RCB,1,Virat Kohli,2,100,58,9,4,172.41,139,57.0,44.0,57.0,15.0
1178414,2019,RCB v CSK,RCB,CSK,"M.Chinnaswamy Stadium, Bengaluru",CSK,RCB,1,Virat Kohli,2,9,8,2,0,112.5,11,22.22222222,3.5,22.22222222,35.0
1178417,2019,RCB v PBKS,RCB,PBKS,"M.Chinnaswamy Stadium, Bengaluru",PBKS,RCB,1,Virat Kohli,2,13,8,2,0,162.5,15,43.33333333,17.8,43.33333333,19.6
1178421,2019,DC v RCB,DC,RCB,"Arun Jaitley Stadium, Delhi",DC,RCB,2,Virat Kohli,2,23,17,2,1,135.29,29,24.0,5.0,28.22222222,28.5
1178424,2019,RCB v RR,RCB,RR,"M.Chinnaswamy Stadium, Bengaluru",RR,RCB,1,Virat Kohli,1,25,7,1,3,357.14,32,7.666666667,37.66666667,7.666666667,35.8
1178429,2019,RCB v SRH,RCB,SRH,"M.Chinnaswamy Stadium, Bengaluru",SRH,RCB,2,Virat Kohli,2,16,7,2,1,228.57,20,27.375,25.5,35.66666667,25.0
1136563,2018,KKR v RCB,KKR,RCB,"Eden Gardens, Kolkata",KKR,RCB,1,Virat Kohli,3,31,33,1,1,93.93,38,29.25,26.71428571,11.90909091,15.66666667
1136568,2018,RCB v PBKS,RCB,PBKS,"M.Chinnaswamy Stadium, Bengaluru",PBKS,RCB,2,Virat Kohli,3,21,16,4,0,131.25,27,24.375,44.83333333,24.375,58.4
1136571,2018,RCB v RR,RCB,RR,"M.Chinnaswamy Stadium, Bengaluru",RR,RCB,2,Virat Kohli,3,57,30,7,2,190.0,82,32.75,25.83333333,32.75,16.0
1136574,2018,MI v RCB,MI,RCB,"Wankhede Stadium, Mumbai",MI,RCB,2,Virat Kohli,1,92,62,7,4,148.38,117,19.8,47.66666667,19.8,21.16666667
1136579,2018,RCB v DC,RCB,DC,"M.Chinnaswamy Stadium, Bengaluru",DC,RCB,2,Virat Kohli,3,30,26,2,1,115.38,38,37.0,3.5,37.0,22.16666667
1136584,2018,RCB v CSK,RCB,CSK,"M.Chinnaswamy Stadium, Bengaluru",CSK,RCB,1,Virat Kohli,2,18,15,3,0,120.0,21,27.0,24.0,20.71428571,51.66666667
1136589,2018,RCB v KKR,RCB,KKR,"M.Chinnaswamy Stadium, Bengaluru",KKR,RCB,1,Virat Kohli,3,68,44,5,3,154.54,91,35.5,18.33333333,47.66666667,28.66666667
1136591,2018,RCB v MI,RCB,MI,"M.Chinnaswamy Stadium, Bengaluru",MI,RCB,1,Virat Kohli,4,32,26,2,1,123.07,40,23.66666667,27.0,37.57142857,15.66666667
1136595,2018,CSK v RCB,CSK,RCB,"Maharashtra Cricket Association Stadium, Pune",CSK,RCB,1,Virat Kohli,3,8,11,1,0,72.72,9,15.0,34.83333333,29.57142857,18.66666667
1136599,2018,SRH v RCB,SRH,RCB,"Rajiv Gandhi International Stadium, Uppal, Hyderabad",SRH,RCB,2,Virat Kohli,3,39,30,5,1,130.0,50,23.85714286,17.66666667,23.85714286,41.0
1136605,2018,DC v RCB,DC,RCB,"Arun Jaitley Stadium, Delhi",DC,RCB,2,Virat Kohli,3,70,40,7,3,175.0,97,34.0,34.0,34.0,19.0
1136608,2018,PBKS v RCB,PBKS,RCB,"Holkar Cricket Stadium, Indore",PBKS,RCB,2,Virat Kohli,1,48,28,6,2,171.42,68,62.5,13.4,62.5,34.83333333
1136611,2018,RCB v SRH,RCB,SRH,"M.Chinnaswamy Stadium, Bengaluru",SRH,RCB,1,Virat Kohli,2,12,11,2,0,109.09,14,37.0,30.8,28.71428571,21.5
1136613,2018,RR v RCB,RR,RCB,"Sawai Mansingh Stadium, Jaipur",RR,RCB,2,Virat Kohli,1,4,9,0,0,44.44,4,15.45454545,27.0,15.45454545,20.66666667
1082602,2017,RCB v MI,RCB,MI,"M.Chinnaswamy Stadium, Bengaluru",MI,RCB,1,Virat Kohli,2,62,47,5,2,131.91,81,22.0,30.33333333,21.9,20.33333333
1082607,2017,RCB v RPS,RCB,RPS,"M.Chinnaswamy Stadium, Bengaluru",RPS,RCB,2,Virat Kohli,1,28,19,3,1,147.36,35,13.0,35.5,13.0,57.0
1082610,2017,GL v RCB,GL,RCB,"Saurashtra Cricket Association Stadium, Rajkot",GL,RCB,1,Virat Kohli,2,64,50,7,1,128.0,81,73.0,24.33333333,40.0,8.0
1082617,2017,KKR v RCB,KKR,RCB,"Eden Gardens, Kolkata",KKR,RCB,2,Virat Kohli,2,0,1,0,0,0.0,-2,3.818181818,46.66666667,3.818181818,72.5
1082621,2017,RCB v GL,RCB,GL,"M.Chinnaswamy Stadium, Bengaluru",GL,RCB,1,Virat Kohli,2,10,13,0,1,76.92,12,12.81818182,13.16666667,24.125,38.33333333
1082624,2017,RPS v RCB,RPS,RCB,"Maharashtra Cricket Association Stadium, Pune",RPS,RCB,2,Virat Kohli,2,55,48,4,1,114.58,69,9.454545455,12.5,9.454545455,43.0
1082628,2017,MI v RCB,MI,RCB,"Wankhede Stadium, Mumbai",MI,RCB,1,Virat Kohli,1,20,14,0,2,142.85,26,22.66666667,20.5,17.54545455,31.16666667
1082633,2017,RCB v PBKS,RCB,PBKS,"M.Chinnaswamy Stadium, Bengaluru",PBKS,RCB,2,Virat Kohli,3,6,6,1,0,100.0,7,11.81818182,35.5,11.81818182,51.33333333
1082636,2017,RCB v KKR,RCB,KKR,"M.Chinnaswamy Stadium, Bengaluru",KKR,RCB,1,Virat Kohli,3,5,9,0,0,55.55,5,24.5,19.66666667,50.4,29.0
1082646,2017,DC v RCB,DC,RCB,"Arun Jaitley Stadium, Delhi",DC,RCB,1,Virat Kohli,3,58,45,3,3,128.88,75,23.625,48.66666667,40.8,18.0
980907,2016,RCB v SRH,RCB,SRH,"M.Chinnaswamy Stadium, Bengaluru",SRH,RCB,1,Virat Kohli,2,75,51,7,3,147.05,98,50.33333333,16.0,33.71428571,30.66666667
980921,2016,RCB v DC,RCB,DC,"M.Chinnaswamy Stadium, Bengaluru",DC,RCB,1,Virat Kohli,2,79,48,7,3,164.58,104,35.28571429,20.0,21.375,28.33333333
980927,2016,MI v RCB,MI,RCB,"Wankhede Stadium, Mumbai",MI,RCB,1,Virat Kohli,1,33,30,3,0,110.0,40,22.33333333,20.0,16.11111111,28.14285714
980931,2016,RPS v RCB,RPS,RCB,"Maharashtra Cricket Association Stadium, Pune",RPS,RCB,1,Virat Kohli,1,80,63,7,2,126.98,99,44.2,-0.857142857,31.66666667,38.33333333
980937,2016,GL v RCB,GL,RCB,"Saurashtra Cricket Association Stadium, Rajkot",GL,RCB,1,Virat Kohli,1,100,63,11,1,158.73,133,58.25,12.16666667,27.71428571,30.2
980953,2016,SRH v RCB,SRH,RCB,"Rajiv Gandhi International Stadium, Uppal, Hyderabad",SRH,RCB,2,Virat Kohli,1,14,17,1,0,82.35,15,32.85714286,36.5,32.85714286,44.8
980959,2016,RCB v KKR,RCB,KKR,"M.Chinnaswamy Stadium, Bengaluru",KKR,RCB,1,Virat Kohli,3,52,44,4,0,118.18,64,30.125,8.333333333,21.875,21.5
980969,2016,RCB v RPS,RCB,RPS,"M.Chinnaswamy Stadium, Bengaluru",RPS,RCB,2,Virat Kohli,1,108,58,8,7,186.2,152,52.2,31.66666667,52.2,24.83333333
980977,2016,PBKS v RCB,PBKS,RCB,"Punjab Cricket Association IS Bindra Stadium, Mohali, Chandigarh",PBKS,RCB,1,Virat Kohli,1,20,21,2,0,95.23,22,30.85714286,17.33333333,18.0,18.28571429
980981,2016,RCB v MI,RCB,MI,"M.Chinnaswamy Stadium, Bengaluru",MI,RCB,1,Virat Kohli,1,7,7,0,1,100.0,9,30.66666667,29.33333333,16.3,38.66666667
980987,2016,RCB v GL,RCB,GL,"M.Chinnaswamy Stadium, Bengaluru",GL,RCB,1,Virat Kohli,2,109,55,5,8,198.18,152,84.0,19.4,13.25,54.2
980995,2016,KKR v RCB,KKR,RCB,"Eden Gardens, Kolkata",KKR,RCB,2,Virat Kohli,2,75,51,5,3,147.05,96,83.33333333,20.4,83.33333333,36.83333333
980999,2016,RCB v PBKS,RCB,PBKS,"M.Chinnaswamy Stadium, Bengaluru",PBKS,RCB,1,Virat Kohli,2,113,50,12,8,226.0,163,57.6,7.0,13.9,34.0
981011,2016,DC v RCB,DC,RCB,"Shaheed Veer Narayan Singh International Stadium, Raipur",DC,RCB,2,Virat Kohli,2,54,45,6,0,120.0,68,27.33333333,20.85714286,27.33333333,29.0
981013,2016,RCB v GL,RCB,GL,"M.Chinnaswamy Stadium, Bengaluru",GL,RCB,2,Virat Kohli,2,0,2,0,0,0.0,-2,22.875,27.57142857,22.875,20.0
981019,2016,RCB v SRH,RCB,SRH,"M.Chinnaswamy Stadium, Bengaluru",SRH,RCB,2,Virat Kohli,2,54,35,5,2,154.28,75,29.0,24.0,45.4,21.83333333
829713,2015,KKR v RCB,KKR,RCB,"Eden Gardens, Kolkata",KKR,RCB,2,Virat Kohli,2,13,15,0,1,86.66,15,25.22222222,16.66666667,26.33333333,27.33333333
829719,2015,RCB v SRH,RCB,SRH,"M.Chinnaswamy Stadium, Bengaluru",SRH,RCB,1,Virat Kohli,2,41,37,4,2,110.81,53,17.36363636,33.83333333,17.36363636,20.5
829737,2015,RCB v MI,RCB,MI,"M.Chinnaswamy Stadium, Bengaluru",MI,RCB,2,Virat Kohli,3,18,18,1,1,100.0,21,25.44444444,32.8,29.66666667,10.0
829745,2015,RCB v CSK,RCB,CSK,"M.Chinnaswamy Stadium, Bengaluru",CSK,RCB,2,Virat Kohli,3,51,42,4,2,121.42,67,20.44444444,33.5,15.90909091,42.0
829749,2015,RR v RCB,RR,RCB,"Sardar Patel (Gujarat) Stadium, Motera, Ahmedabad",RR,RCB,2,Virat Kohli,2,62,46,1,3,134.78,79,54.33333333,4.5,16.0,49.6
829757,2015,DC v RCB,DC,RCB,"Arun Jaitley Stadium, Delhi",DC,RCB,2,Virat Kohli,2,35,23,6,0,152.17,49,68.5,-1.333333333,12.90909091,59.0
829763,2015,RCB v RR,RCB,RR,"M.Chinnaswamy Stadium, Bengaluru",RR,RCB,2,Virat Kohli,2,1,4,0,0,25.0,1,30.125,30.6,30.125,34.0
829771,2015,RCB v KKR,RCB,KKR,"M.Chinnaswamy Stadium, Bengaluru",KKR,RCB,2,Virat Kohli,2,34,20,2,3,170.0,50,30.6,32.4,30.6,12.6
829779,2015,CSK v RCB,CSK,RCB,"MA Chidambaram Stadium, Chepauk, Chennai",CSK,RCB,2,Virat Kohli,2,48,44,2,1,109.09,56,13.0,34.83333333,13.0,42.0
829785,2015,RCB v PBKS,RCB,PBKS,"M.Chinnaswamy Stadium, Bengaluru",PBKS,RCB,1,Virat Kohli,2,32,30,3,1,106.66,41,60.2,12.16666667,41.83333333,26.83333333
829795,2015,MI v RCB,MI,RCB,"Wankhede Stadium, Mumbai",MI,RCB,1,Virat Kohli,2,82,50,6,4,164.0,108,102.0,2.5,25.85714286,18.0
829803,2015,PBKS v RCB,PBKS,RCB,"Punjab Cricket Association IS Bindra Stadium, Mohali, Chandigarh",PBKS,RCB,2,Virat Kohli,2,19,9,2,1,211.11,23,11.0,21.0,11.0,21.0
829807,2015,SRH v RCB,SRH,RCB,"Rajiv Gandhi International Stadium, Uppal, Hyderabad",SRH,RCB,2,Virat Kohli,2,44,19,3,3,231.57,63,19.5,22.0,19.5,22.0
829813,2015,RCB v DC,RCB,DC,"M.Chinnaswamy Stadium, Bengaluru",DC,RCB,2,Virat Kohli,1,1,2,0,0,50.0,1,1.0,38.16666667,1.0,38.16666667
829819,2015,RR v RCB,RR,RCB,"Maharashtra Cricket Association Stadium, Pune",RR,RCB,1,Virat Kohli,2,12,18,0,0,66.66,10,37.16666667,5.8,37.16666667,5.8
829821,2015,CSK v RCB,CSK,RCB,"JSCA International Stadium Complex, Ranchi",CSK,RCB,1,Virat Kohli,2,12,9,1,1,133.33,15,16.3,42.16666667,16.3,42.16666667
729281,2014,DC v RCB,DC,RCB,Sharjah Cricket Stadium,DC,RCB,2,Virat Kohli,3,49,38,2,3,128.94,61,48.75,9.333333333,45.0,18.33333333
729287,2014,RCB v MI,RCB,MI,Dubai International Cricket Stadium,MI,RCB,2,Virat Kohli,3,0,2,0,0,0.0,-2,27.2,20.6,25.625,23.83333333
729299,2014,RCB v KKR,RCB,KKR,Sharjah Cricket Stadium,KKR,RCB,2,Virat Kohli,3,31,23,4,0,134.78,41,24.85714286,29.8,37.66666667,16.33333333
729305,2014,RR v RCB,RR,RCB,"Sheikh Zayed Stadium, Abu Dhabi",RR,RCB,1,Virat Kohli,3,21,25,3,0,84.0,24,6.0,31.0,6.0,31.0
729313,2014,PBKS v RCB,PBKS,RCB,Dubai International Cricket Stadium,PBKS,RCB,1,Virat Kohli,3,4,2,1,0,200.0,5,12.6,24.16666667,12.6,24.16666667
733977,2014,RCB v SRH,RCB,SRH,"M.Chinnaswamy Stadium, Bengaluru",SRH,RCB,2,Virat Kohli,3,0,5,0,0,0.0,-2,24.75,24.5,23.0,31.0
733983,2014,MI v RCB,MI,RCB,"Wankhede Stadium, Mumbai",MI,RCB,2,Virat Kohli,3,35,28,2,2,125.0,45,20.7,34.5,46.75,10.0
733991,2014,RCB v PBKS,RCB,PBKS,"M.Chinnaswamy Stadium, Bengaluru",PBKS,RCB,2,Virat Kohli,3,0,1,0,0,0.0,-2,18.27272727,38.83333333,9.75,11.6
733999,2014,RCB v RR,RCB,RR,"M.Chinnaswamy Stadium, Bengaluru",RR,RCB,1,Virat Kohli,1,4,9,1,0,44.44,5,35.71428571,35.83333333,35.71428571,35.83333333
734005,2014,RCB v DC,RCB,DC,"M.Chinnaswamy Stadium, Bengaluru",DC,RCB,1,Virat Kohli,3,10,11,0,0,90.9,10,39.33333333,34.83333333,39.33333333,34.83333333
734013,2014,CSK v RCB,CSK,RCB,"JSCA International Stadium Complex, Ranchi",CSK,RCB,2,Virat Kohli,3,27,29,1,1,93.1,30,23.28571429,25.83333333,36.8,9.666666667
734021,2014,SRH v RCB,SRH,RCB,"Rajiv Gandhi International Stadium, Uppal, Hyderabad",SRH,RCB,1,Virat Kohli,3,67,41,4,4,163.41,91,28.0,43.0,28.0,43.0
734027,2014,KKR v RCB,KKR,RCB,"Eden Gardens, Kolkata",KKR,RCB,2,Virat Kohli,3,38,31,3,1,122.58,47,27.85714286,32.2,39.5,12.83333333
734035,2014,RCB v CSK,RCB,CSK,"M.Chinnaswamy Stadium, Bengaluru",CSK,RCB,1,Virat Kohli,4,73,49,2,5,148.97,95,22.5,12.16666667,22.5,12.16666667
597999,2013,RCB v MI,RCB,MI,"M.Chinnaswamy Stadium, Bengaluru",MI,RCB,1,Virat Kohli,3,24,14,4,1,171.42,36,25.42857143,44.83333333,25.42857143,44.83333333
598004,2013,SRH v RCB,SRH,RCB,"Rajiv Gandhi International Stadium, Uppal, Hyderabad",SRH,RCB,1,Virat Kohli,3,46,44,5,1,104.54,57,14.1,44.6,14.1,44.6
598048,2013,RCB v SRH,RCB,SRH,"M.Chinnaswamy Stadium, Bengaluru",SRH,RCB,2,Virat Kohli,3,93,47,11,4,197.87,126,40.8,10.71428571,17.27272727,43.2
598008,2013,RCB v KKR,RCB,KKR,"M.Chinnaswamy Stadium, Bengaluru",KKR,RCB,2,Virat Kohli,3,35,27,4,2,129.62,47,49.75,9.666666667,37.4,17.0
598012,2013,CSK v RCB,CSK,RCB,"MA Chidambaram Stadium, Chepauk, Chennai",CSK,RCB,1,Virat Kohli,3,58,47,2,2,123.4,72,27.42857143,11.57142857,27.42857143,11.57142857
598017,2013,RCB v DC,RCB,DC,"M.Chinnaswamy Stadium, Bengaluru",DC,RCB,2,Virat Kohli,3,65,50,7,1,130.0,82,20.0,27.8,11.0,62.8
598023,2013,RCB v RR,RCB,RR,"M.Chinnaswamy Stadium, Bengaluru",RR,RCB,2,Virat Kohli,3,1,4,0,0,25.0,1,25.4,15.83333333,70.33333333,3.833333333
598027,2013,RCB v PWI,RCB,PWI,"M.Chinnaswamy Stadium, Bengaluru",PWI,RCB,1,Virat Kohli,3,11,9,0,1,122.22,13,57.16666667,18.66666667,57.16666667,18.66666667
598033,2013,MI v RCB,MI,RCB,"Wankhede Stadium, Mumbai",MI,RCB,2,Virat Kohli,3,1,4,0,0,25.0,1,15.88888889,31.83333333,35.66666667,15.16666667
598036,2013,RR v RCB,RR,RCB,"Sawai Mansingh Stadium, Jaipur",RR,RCB,1,Virat Kohli,3,32,35,3,0,91.42,39,25.5,19.28571429,25.5,19.28571429
598042,2013,PWI v RCB,PWI,RCB,"Maharashtra Cricket Association Stadium, Pune",PWI,RCB,1,Virat Kohli,3,25,18,3,0,138.88,30,46.8,10.5,46.8,10.5
598064,2013,PBKS v RCB,PBKS,RCB,"Punjab Cricket Association IS Bindra Stadium, Mohali, Chandigarh",PBKS,RCB,1,Virat Kohli,3,14,14,1,0,100.0,15,49.0,13.16666667,49.0,13.16666667
598054,2013,DC v RCB,DC,RCB,"Arun Jaitley Stadium, Delhi",DC,RCB,1,Virat Kohli,3,99,58,10,4,170.68,131,46.6,27.33333333,46.6,27.33333333
598057,2013,KKR v RCB,KKR,RCB,"JSCA International Stadium Complex, Ranchi",KKR,RCB,1,Virat Kohli,3,17,14,2,0,121.42,19,10.81818182,38.8,10.81818182,38.8
598045,2013,RCB v PBKS,RCB,PBKS,"M.Chinnaswamy Stadium, Bengaluru",PBKS,RCB,1,Virat Kohli,3,57,43,6,2,132.55,77,36.33333333,12.5,36.33333333,12.5
598068,2013,RCB v CSK,RCB,CSK,"M.Chinnaswamy Stadium, Bengaluru",CSK,RCB,1,Virat Kohli,1,56,29,6,4,193.1,84,36.75,33.0,36.75,33.0
548310,2012,RCB v DC,RCB,DC,"M.Chinnaswamy Stadium, Bengaluru",DC,RCB,1,Virat Kohli,3,8,8,1,0,100.0,9,21.66666667,20.33333333,30.5,33.83333333
548315,2012,RCB v KKR,RCB,KKR,"M.Chinnaswamy Stadium, Bengaluru",KKR,RCB,2,Virat Kohli,3,6,14,1,0,42.85,1,12.5,27.0,12.5,27.0
548318,2012,CSK v RCB,CSK,RCB,"MA Chidambaram Stadium, Chepauk, Chennai",CSK,RCB,1,Virat Kohli,3,57,46,5,2,123.91,74,25.5,27.0,10.27272727,25.28571429
548324,2012,RCB v RR,RCB,RR,"M.Chinnaswamy Stadium, Bengaluru",RR,RCB,2,Virat Kohli,3,22,18,2,0,122.22,24,14.63636364,6.5,14.63636364,6.5
548327,2012,RCB v PWI,RCB,PWI,"M.Chinnaswamy Stadium, Bengaluru",PWI,RCB,2,Virat Kohli,4,16,19,1,0,84.21,17,40.83333333,19.8,40.83333333,19.8
548331,2012,PBKS v RCB,PBKS,RCB,"Punjab Cricket Association IS Bindra Stadium, Mohali, Chandigarh",PBKS,RCB,2,Virat Kohli,3,4,4,1,0,100.0,5,29.14285714,16.33333333,29.14285714,16.33333333
548336,2012,RR v RCB,RR,RCB,"Sawai Mansingh Stadium, Jaipur",RR,RCB,1,Virat Kohli,1,16,16,2,0,100.0,18,44.6,28.66666667,44.0,18.6
548344,2012,KKR v RCB,KKR,RCB,"Eden Gardens, Kolkata",KKR,RCB,2,Virat Kohli,3,18,19,3,0,94.73,21,21.5,44.8,21.5,44.8
548350,2012,RCB v PBKS,RCB,PBKS,"M.Chinnaswamy Stadium, Bengaluru",PBKS,RCB,1,Virat Kohli,3,45,42,3,2,107.14,56,28.14285714,30.66666667,12.5,21.57142857
548356,2012,RCB v DC,RCB,SRH,"M.Chinnaswamy Stadium, Bengaluru",SRH,RCB,2,Virat Kohli,3,9,9,1,0,100.0,10,33.42857143,44.33333333,33.42857143,44.33333333
548360,2012,MI v RCB,MI,RCB,"Wankhede Stadium, Mumbai",MI,RCB,2,Virat Kohli,3,36,25,1,2,144.0,47,59.33333333,11.85714286,59.33333333,11.85714286
548362,2012,PWI v RCB,PWI,RCB,"Maharashtra Cricket Association Stadium, Pune",PWI,RCB,1,Virat Kohli,3,9,12,1,0,75.0,10,44.2,31.66666667,80.0,8.333333333
548367,2012,RCB v MI,RCB,MI,"M.Chinnaswamy Stadium, Bengaluru",MI,RCB,1,Virat Kohli,3,3,1,0,0,300.0,3,25.625,16.33333333,25.25,18.33333333
548372,2012,DC v RCB,DC,RCB,"Arun Jaitley Stadium, Delhi",DC,RCB,1,Virat Kohli,3,73,53,9,1,137.73,94,96.33333333,22.0,15.22222222,38.16666667
548376,2012,DC v RCB,SRH,RCB,"Rajiv Gandhi International Stadium, Uppal, Hyderabad",SRH,RCB,2,Virat Kohli,3,42,40,2,2,105.0,52,12.45454545,22.0,12.45454545,22.0
501200,2011,Kochi v RCB,Kochi,RCB,"Nehru Stadium, Kochi",Kochi,RCB,2,Virat Kohli,3,23,18,4,0,127.77,27,31.83333333,32.57142857,31.83333333,32.57142857
501205,2011,RCB v MI,RCB,MI,"M.Chinnaswamy Stadium, Bengaluru",MI,RCB,1,Virat Kohli,3,12,19,2,0,63.15,12,25.5,24.0,48.2,7.0
501208,2011,DC v RCB,SRH,RCB,"Rajiv Gandhi International Stadium, Uppal, Hyderabad",SRH,RCB,2,Virat Kohli,4,71,51,5,3,139.21,92,14.72727273,25.14285714,14.72727273,25.14285714
501211,2011,CSK v RCB,CSK,RCB,"MA Chidambaram Stadium, Chepauk, Chennai",CSK,RCB,2,Virat Kohli,4,35,28,4,1,125.0,45,20.66666667,5.833333333,20.66666667,5.833333333
501222,2011,KKR v RCB,KKR,RCB,"Eden Gardens, Kolkata",KKR,RCB,2,Virat Kohli,3,30,23,3,1,130.43,41,79.0,25.14285714,79.0,25.14285714
501227,2011,DC v RCB,DC,RCB,"Arun Jaitley Stadium, Delhi",DC,RCB,2,Virat Kohli,3,56,38,8,2,147.36,78,20.0,28.0,20.0,28.0
501232,2011,RCB v PWI,RCB,PWI,"M.Chinnaswamy Stadium, Bengaluru",PWI,RCB,1,Virat Kohli,3,67,42,4,4,159.52,91,33.14285714,18.83333333,22.125,21.83333333
501244,2011,RCB v PBKS,RCB,PBKS,"M.Chinnaswamy Stadium, Bengaluru",PBKS,RCB,1,Virat Kohli,3,27,31,4,0,87.09,31,33.75,22.85714286,16.0,43.33333333
501247,2011,RCB v Kochi,RCB,Kochi,"M.Chinnaswamy Stadium, Bengaluru",Kochi,RCB,2,Virat Kohli,3,27,33,3,0,81.81,30,57.0,23.2,13.3,23.2
501252,2011,RR v RCB,RR,RCB,"Sawai Mansingh Stadium, Jaipur",RR,RCB,2,Virat Kohli,3,39,34,3,1,114.7,48,66.0,28.71428571,38.16666667,28.71428571
501255,2011,RCB v KKR,RCB,KKR,"M.Chinnaswamy Stadium, Bengaluru",KKR,RCB,2,Virat Kohli,3,15,15,2,0,100.0,17,15.75,29.4,18.125,29.4
501260,2011,PBKS v RCB,PBKS,RCB,"Himachal Pradesh Cricket Association Stadium, Dharamsala",PBKS,RCB,2,Virat Kohli,3,11,11,2,0,100.0,13,12.0,44.33333333,26.28571429,44.33333333
501266,2011,RCB v CSK,RCB,CSK,"M.Chinnaswamy Stadium, Bengaluru",CSK,RCB,2,Virat Kohli,3,31,29,5,0,106.89,40,37.25,40.66666667,34.66666667,16.33333333
501268,2011,CSK v RCB,CSK,RCB,"Wankhede Stadium, Mumbai",CSK,RCB,1,Virat Kohli,3,70,44,5,3,159.09,93,34.66666667,12.0,37.5,12.0
501270,2011,MI v RCB,MI,RCB,"MA Chidambaram Stadium, Chepauk, Chennai",MI,RCB,1,Virat Kohli,3,8,12,0,0,66.66,6,36.33333333,19.0,16.7,19.0
501271,2011,CSK v RCB,CSK,RCB,"MA Chidambaram Stadium, Chepauk, Chennai",CSK,RCB,2,Virat Kohli,3,35,32,1,1,109.37,42,16.6,42.33333333,29.88888889,34.5
419109,2010,KKR v RCB,KKR,RCB,"Eden Gardens, Kolkata",KKR,RCB,1,Virat Kohli,4,2,5,0,0,40.0,2,17.22222222,36.33333333,39.33333333,36.33333333
419112,2010,RCB v PBKS,RCB,PBKS,"M.Chinnaswamy Stadium, Bengaluru",PBKS,RCB,2,Virat Kohli,4,16,12,1,1,133.33,21,67.25,4.571428571,13.1,42.71428571
419119,2010,MI v RCB,MI,RCB,"Brabourne Stadium, Mumbai",MI,RCB,2,Virat Kohli,4,17,12,0,2,141.66,23,39.6,8.333333333,19.5,34.5
419123,2010,RCB v CSK,RCB,CSK,"M.Chinnaswamy Stadium, Bengaluru",CSK,RCB,1,Virat Kohli,5,24,16,2,1,150.0,30,29.0,21.8,31.42857143,21.8
419128,2010,RCB v DC,RCB,DC,"M.Chinnaswamy Stadium, Bengaluru",DC,RCB,2,Virat Kohli,6,38,23,4,1,165.21,52,17.18181818,35.6,47.25,23.83333333
419133,2010,CSK v RCB,CSK,RCB,"MA Chidambaram Stadium, Chepauk, Chennai",CSK,RCB,1,Virat Kohli,4,34,24,3,1,141.66,45,34.66666667,41.33333333,32.28571429,41.33333333
419136,2010,PBKS v RCB,PBKS,RCB,"Punjab Cricket Association IS Bindra Stadium, Mohali, Chandigarh",PBKS,RCB,2,Virat Kohli,4,42,26,4,1,161.53,56,36.16666667,9.857142857,10.72727273,19.5
419140,2010,DC v RCB,DC,RCB,"Arun Jaitley Stadium, Delhi",DC,RCB,2,Virat Kohli,6,13,11,1,0,118.18,14,15.81818182,55.8,15.4,41.83333333
419145,2010,RCB v DC,RCB,SRH,"M.Chinnaswamy Stadium, Bengaluru",SRH,RCB,1,Virat Kohli,6,58,35,4,4,165.71,82,28.0,10.0,18.3,10.0
419151,2010,DC v RCB,SRH,RCB,"Vidarbha Cricket Association Stadium, Jamtha, Nagpur",SRH,RCB,2,Virat Kohli,6,3,4,0,0,75.0,3,13.81818182,51.8,57.66666667,26.83333333
419154,2010,RR v RCB,RR,RCB,"Sawai Mansingh Stadium, Jaipur",RR,RCB,2,Virat Kohli,5,14,13,2,0,107.69,16,24.14285714,22.0,31.14285714,20.66666667
419157,2010,RCB v MI,RCB,MI,"M.Chinnaswamy Stadium, Bengaluru",MI,RCB,2,Virat Kohli,7,37,24,4,1,154.16,51,14.27272727,51.0,42.5,8.0
419162,2010,MI v RCB,MI,RCB,"Dr DY Patil Sports Academy, Mumbai",MI,RCB,2,Virat Kohli,6,9,7,1,0,128.57,10,15.36363636,47.2,28.0,52.33333333
392182,2009,RCB v RR,RCB,RR,"Newlands, Cape Town",RR,RCB,1,Virat Kohli,6,3,8,0,0,37.5,3,15.2,20.0,15.875,20.0
392185,2009,RCB v CSK,RCB,CSK,"St George's Park, Port Elizabeth",CSK,RCB,2,Virat Kohli,7,11,13,0,1,84.61,13,8.090909091,14.75,19.6,18.14285714
392188,2009,RCB v DC,RCB,SRH,"Newlands, Cape Town",SRH,RCB,2,Virat Kohli,6,50,32,7,0,156.25,69,19.6,22.5,18.44444444,20.5
392191,2009,RCB v PBKS,RCB,PBKS,"Kingsmead, Durban",PBKS,RCB,1,Virat Kohli,7,2,3,0,0,66.66,2,18.90909091,25.0,20.6,25.0
392194,2009,RCB v DC,RCB,DC,"St George's Park, Port Elizabeth",DC,RCB,1,Virat Kohli,5,22,24,1,0,91.66,23,18.66666667,6.285714286,19.25,6.285714286
392199,2009,RCB v KKR,RCB,KKR,"Kingsmead, Durban",KKR,RCB,2,Virat Kohli,4,19,12,1,1,158.33,26,23.71428571,29.33333333,30.16666667,29.57142857
392204,2009,RCB v PBKS,RCB,PBKS,"Kingsmead, Durban",PBKS,RCB,1,Virat Kohli,6,16,14,2,0,114.28,18,15.63636364,44.5,23.85714286,44.5
392213,2009,RCB v RR,RCB,RR,"SuperSport Park, Centurion",RR,RCB,1,Virat Kohli,5,15,22,1,0,68.18,14,9.818181818,4.833333333,49.6,4.833333333
392218,2009,RCB v MI,RCB,MI,"St George's Park, Port Elizabeth",MI,RCB,2,Virat Kohli,2,20,22,4,0,90.9,24,16.0,10.33333333,11.36363636,38.0
392224,2009,RCB v CSK,RCB,CSK,"Kingsmead, Durban",CSK,RCB,2,Virat Kohli,5,38,35,4,2,108.57,50,14.9,38.33333333,23.16666667,23.14285714
392236,2009,RCB v DC,RCB,SRH,"SuperSport Park, Centurion",SRH,RCB,1,Virat Kohli,6,19,9,0,2,211.11,23,35.83333333,43.33333333,19.11111111,43.33333333
392238,2009,CSK v RCB,CSK,RCB,"The Wanderers Stadium, Johannesburg",CSK,RCB,2,Virat Kohli,5,24,17,1,2,141.17,31,30.33333333,28.2,5.636363636,38.0
392239,2009,DC v RCB,SRH,RCB,"The Wanderers Stadium, Johannesburg",SRH,RCB,2,Virat Kohli,6,7,8,1,0,87.5,8,14.09090909,38.0,44.0,11.5
335982,2008,RCB v KKR,RCB,KKR,"M.Chinnaswamy Stadium, Bengaluru",KKR,RCB,2,Virat Kohli,3,1,5,0,0,20.0,1,5.636363636,11.5,52.66666667,17.85714286
335985,2008,MI v RCB,MI,RCB,"Wankhede Stadium, Mumbai",MI,RCB,2,Virat Kohli,5,23,14,3,1,164.28,32,30.57142857,23.16666667,57.33333333,32.14285714
335992,2008,RCB v RR,RCB,RR,"M.Chinnaswamy Stadium, Bengaluru",RR,RCB,1,Virat Kohli,5,13,14,0,1,92.85,15,16.1,53.6,19.88888889,53.6
335996,2008,RCB v CSK,RCB,CSK,"M.Chinnaswamy Stadium, Bengaluru",CSK,RCB,2,Virat Kohli,6,12,7,2,0,171.42,14,18.72727273,22.0,32.42857143,35.16666667
335998,2008,DC v RCB,DC,RCB,"Arun Jaitley Stadium, Delhi",DC,RCB,2,Virat Kohli,7,1,1,0,0,100.0,1,32.42857143,15.71428571,41.2,26.57142857
336034,2008,RCB v DC,RCB,SRH,"M.Chinnaswamy Stadium, Bengaluru",SRH,RCB,1,Virat Kohli,3,38,29,1,2,131.03,49,20.66666667,9.333333333,25.75,9.333333333
336006,2008,RCB v PBKS,RCB,PBKS,"M.Chinnaswamy Stadium, Bengaluru",PBKS,RCB,1,Virat Kohli,2,34,36,5,0,94.44,43,12.54545455,35.57142857,18.88888889,35.57142857
336016,2008,PBKS v RCB,PBKS,RCB,"Punjab Cricket Association IS Bindra Stadium, Mohali, Chandigarh",PBKS,RCB,1,Virat Kohli,2,21,22,4,0,95.45,25,14.9,31.16666667,18.25,31.16666667
336023,2008,RR v RCB,RR,RCB,"Sawai Mansingh Stadium, Jaipur",RR,RCB,2,Virat Kohli,2,3,7,0,0,42.85,3,14.0,2.833333333,32.5,16.66666667
336029,2008,CSK v RCB,CSK,RCB,"MA Chidambaram Stadium, Chepauk, Chennai",CSK,RCB,1,Virat Kohli,3,10,16,1,0,62.5,9,14.2,19.0,39.0,19.0
336002,2008,DC v RCB,SRH,RCB,"Rajiv Gandhi International Stadium, Uppal, Hyderabad",SRH,RCB,2,Virat Kohli,6,9,5,2,0,180.0,11,31.57142857,37.33333333,21.57142857,26.83333333
336012,2008,RCB v MI,RCB,MI,"M.Chinnaswamy Stadium, Bengaluru",MI,RCB,1,Virat Kohli,6,0,1,0,0,0.0,-2,12.2,12.42857143,76.0,12.42857143
